numero_centre;Bartonella;Borrelia_miyamotoi;Borreliella;Ehrlichia;Leptospira;Metamycoplasma_sualvi;Mycoplasma;Mycoplasma_coccoides;Mycoplasma_haemomuris;Mycoplasma_penetrans;Mycoplasmopsis_columbina;Neisseria;Spiroplasma;Streptobacillus;Treponema;Bartonella_birtlesii;Bartonella_doshiae;Bartonella_elizabethae;Bartonella_grahamii;Bartonella_taylorii;Neoehrlichia_mikurensis;number_pathos
NCHA100002;0;0;0;0;0;0;0;0;0;0;0;0;0;0;0;0;0;0;0;0;0;0
NCHA100004;1;0;0;0;0;0;0;0;0;0;0;0;0;0;0;0;1;0;0;0;1;2
NCHA100005;1;0;0;1;0;0;0;0;0;0;0;0;0;0;0;1;0;0;0;1;0;3
NCHA100008;1;0;0;0;0;0;0;1;1;0;0;0;0;0;0;1;0;0;0;0;1;4
NCHA100007;1;0;0;1;0;0;0;0;0;0;0;0;0;0;0;0;0;0;1;0;1;3
NCHA100020;1;0;0;0;0;0;0;0;0;0;0;0;0;0;0;1;0;0;1;1;1;4
NCHA100013;1;0;0;0;0;0;0;1;0;0;0;0;0;0;0;0;1;0;1;1;0;4
NCHA100016;0;0;0;0;0;0;0;1;1;0;0;0;0;0;0;0;0;0;0;0;1;3
NCHA100018;0;0;0;0;0;0;0;0;0;0;0;0;0;0;0;0;0;0;0;0;1;1
NCHA100022;1;0;1;0;0;0;0;0;1;0;0;0;0;0;0;0;1;0;0;1;1;5
NCHA100021;1;0;0;0;0;1;0;0;0;0;0;0;0;0;1;0;0;0;1;1;0;4
NCHA100017;1;0;0;0;0;0;0;0;0;0;0;0;0;0;0;0;0;0;1;0;0;1
NCHA100019;1;0;0;0;0;0;0;0;0;0;0;0;0;0;0;0;0;0;1;1;1;3
NCHA100010;1;0;0;0;0;0;0;0;0;1;0;0;0;0;0;1;1;0;0;0;0;3
NCHA100009;0;0;0;0;0;0;0;0;0;0;0;0;0;0;0;0;0;0;0;0;0;0
NCHA100000;1;0;0;0;0;0;0;0;0;0;0;0;0;0;0;1;1;0;1;0;0;3
NCHA100011;0;0;0;0;0;0;0;0;0;0;0;0;0;1;0;0;0;0;0;0;0;1
NCHA100015;1;0;0;0;0;0;0;0;0;0;0;0;0;0;0;1;0;0;1;0;0;2
NCHA100012;1;0;0;0;0;0;0;0;0;0;0;0;0;0;0;0;0;0;1;0;0;1
NCHA100014;1;0;0;0;0;0;0;0;1;0;0;0;0;0;0;0;0;0;0;0;0;1
NCHA100006;1;0;0;0;0;0;0;0;0;0;0;0;0;0;1;1;1;0;0;1;1;5
NCHA100003;1;0;0;0;0;0;0;0;1;0;0;0;0;0;0;0;0;0;1;0;0;2
NCHA100001;1;0;0;0;0;0;0;0;0;0;0;0;0;0;0;1;0;0;1;1;1;4
NCHA100024;0;0;0;0;0;1;0;0;0;0;0;0;0;0;0;0;0;0;0;0;1;2
NCHA100032;0;1;0;0;0;0;0;0;0;0;0;0;0;0;0;0;0;0;0;0;0;1
NCHA100033;0;0;0;0;0;0;0;0;0;0;0;0;0;0;0;0;0;0;0;0;0;0
NCHA100029;0;0;0;0;0;1;0;0;0;0;0;0;0;0;0;0;0;0;0;0;0;1
NCHA100038;0;0;0;0;0;0;0;0;0;0;0;0;0;0;0;0;0;0;0;0;0;0
NCHA100040;1;0;0;0;0;1;0;0;0;0;0;0;0;0;0;1;0;0;1;0;1;4
NCHA100053;1;0;0;0;0;0;0;0;1;0;0;0;0;0;0;1;0;0;0;0;0;2
NCHA100054;1;0;0;0;0;0;0;1;0;0;0;0;0;0;0;0;0;0;0;1;1;3
NCHA100059;0;0;0;0;0;0;0;0;0;0;0;0;0;0;0;0;0;0;0;0;0;0
NCHA100047;0;0;0;0;0;0;0;0;0;0;0;0;0;0;0;0;0;0;0;0;0;0
NCHA100048;0;0;0;0;0;0;0;0;0;0;0;0;0;0;0;0;0;0;0;0;0;0
NCHA100060;0;0;0;0;0;0;0;0;0;0;0;0;0;0;0;0;0;0;0;0;0;0
NCHA100044;0;0;0;0;0;0;0;0;0;0;0;0;1;0;0;0;0;0;0;0;0;1
NCHA100063;0;0;0;0;0;0;0;0;0;0;0;0;1;0;0;0;0;0;0;0;0;1
NCHA100062;1;0;0;0;0;0;0;0;0;0;0;0;0;0;0;0;0;0;0;1;0;1
NCHA100049;1;0;0;0;0;0;0;1;1;0;0;0;0;0;0;0;0;0;1;0;0;3
NCHA100046;0;0;0;0;0;0;0;0;0;0;0;0;0;0;0;0;0;0;0;0;0;0
NCHA100041;0;0;0;0;0;0;0;0;0;0;0;0;0;0;0;0;0;0;0;0;0;0
NCHA100045;1;0;1;0;0;1;0;0;1;0;0;0;0;0;0;1;0;0;0;0;0;4
NCHA100052;0;0;0;0;0;0;0;0;0;0;0;0;0;0;0;0;0;0;0;0;0;0
NCHA100074;0;0;0;0;0;0;0;0;0;0;0;0;0;0;0;0;0;0;0;0;1;1
NCHA100023;0;0;0;0;0;1;0;0;0;0;0;0;0;0;0;0;0;0;0;0;0;1
NCHA100073;1;0;0;0;0;0;0;0;0;0;0;0;0;0;0;0;0;1;0;0;0;1
NCHA100043;1;0;0;0;0;0;0;0;0;0;0;0;0;0;0;0;0;0;1;0;1;2
NCHA100042;1;0;1;0;0;0;0;0;0;0;0;0;0;0;0;0;1;0;1;1;1;5
NCHA100051;1;0;0;0;0;0;0;0;0;0;0;0;0;0;0;0;1;0;0;0;0;1
NCHA100057;1;0;0;0;0;0;0;0;0;0;0;0;0;0;0;0;0;0;0;1;0;1
NCHA100061;0;0;0;0;0;0;0;0;0;0;0;0;0;0;0;0;0;0;0;0;0;0
NCHA100055;0;0;0;0;0;0;0;0;0;0;0;0;0;0;0;0;0;0;0;0;0;0
NCHA100070;1;0;0;0;0;0;0;0;0;0;0;0;0;0;0;1;0;0;0;1;0;2
NCHA100071;0;0;0;0;0;0;0;1;0;0;0;0;0;0;1;0;0;0;0;0;0;2
NCHA100072;0;0;0;0;0;0;0;0;0;0;0;0;0;0;0;0;0;0;0;0;0;0
NCHA100026;1;0;0;0;0;0;0;1;1;0;0;0;0;0;0;1;0;0;0;1;0;4
NCHA100065;1;0;0;0;0;0;0;0;0;0;0;0;0;0;0;0;1;0;1;0;1;3
NCHA100064;0;0;0;0;0;0;0;0;0;0;0;0;0;0;0;0;0;0;0;0;0;0
NCHA100075;1;0;0;0;0;0;0;0;0;0;0;0;0;0;0;1;0;0;0;0;0;1
NCHA100067;0;1;0;0;0;0;0;0;0;0;0;0;0;0;0;0;0;0;0;0;0;1
NCHA100069;0;0;0;0;0;0;0;0;0;0;0;0;0;0;0;0;0;0;0;0;0;0
NCHA100066;0;0;0;0;0;0;0;0;1;0;0;0;0;0;0;0;0;0;0;0;0;1
NCHA100077;0;0;0;0;0;0;0;0;0;0;0;0;0;0;0;0;0;0;0;0;0;0
NCHA100076;0;0;0;0;0;0;0;1;1;0;0;0;0;0;0;0;0;0;0;0;0;2
NCHA100025;0;0;0;0;0;1;0;0;0;0;0;0;0;0;0;0;0;0;0;0;1;2
NCHA100030;0;0;0;0;0;0;0;0;0;0;0;0;0;0;0;0;0;0;0;0;0;0
NCHA100039;1;0;0;0;0;0;0;0;0;0;0;0;0;0;0;1;0;0;0;0;0;1
NCHA100027;1;0;0;0;0;0;0;0;1;0;0;0;0;0;0;0;0;0;0;1;1;3
NCHA100028;1;0;0;0;0;0;0;0;0;0;0;0;0;0;0;1;0;0;0;1;0;2
NCHA100035;1;1;0;0;0;0;0;1;1;0;0;0;0;0;0;0;0;0;0;1;0;4
NCHA100034;0;0;0;0;0;1;0;0;0;0;0;0;0;0;0;0;0;0;0;0;0;1
NCHA100037;0;0;0;0;0;0;0;0;0;0;0;0;0;0;0;0;0;0;0;0;0;0
NCHA100031;1;0;0;0;0;0;0;1;1;0;0;0;0;0;0;1;1;0;1;0;0;5
NCHA100036;1;0;0;0;0;0;0;0;0;0;0;0;0;0;0;0;0;0;0;1;0;1
NCHA100091;1;0;0;0;0;0;0;0;0;0;0;0;0;0;0;1;0;0;0;1;0;2
NCHA100090;1;0;0;0;0;0;0;0;0;0;0;0;0;0;0;0;0;0;0;1;0;1
NCHA100095;1;0;0;0;0;0;0;0;0;0;0;0;0;0;0;0;0;0;0;1;0;1
NCHA100088;1;0;0;0;0;0;0;0;0;0;0;0;0;0;0;0;1;0;0;0;1;2
NCHA100102;1;0;0;0;0;0;0;1;1;0;0;0;0;0;0;1;0;0;1;0;0;4
NCHA100100;1;0;0;0;0;0;0;1;0;0;0;0;0;0;0;0;0;1;1;0;0;3
NCHA100092;1;0;0;0;0;0;0;0;0;0;0;0;0;0;0;0;0;0;1;0;0;1
NCHA100093;1;0;0;0;0;0;0;0;0;0;0;0;0;0;0;0;0;0;1;0;1;2
NCHA100094;0;0;0;0;0;0;0;0;1;0;0;0;0;0;0;0;0;0;0;0;0;1
NCHA100101;0;0;0;0;0;0;0;0;0;0;0;0;0;0;0;0;0;0;0;0;0;0
NCHA100141;1;0;0;0;0;0;0;0;1;0;0;0;0;0;0;0;0;0;0;1;0;2
NCHA100129;0;0;0;0;0;0;0;0;0;0;0;0;0;0;0;0;0;0;0;0;1;1
NCHA100140;1;0;0;0;0;0;0;1;1;0;0;0;0;0;0;0;0;0;1;1;1;5
NCHA100123;0;0;0;0;0;0;0;1;0;0;0;0;0;0;0;0;0;0;0;0;0;1
NCHA100122;0;0;0;0;0;0;0;1;1;0;0;0;0;0;0;0;0;0;0;0;0;2
NCHA100142;1;0;0;0;0;0;0;0;0;0;0;0;0;0;0;0;0;0;0;1;0;1
NCHA100143;0;0;0;0;0;0;0;0;1;0;0;0;0;0;0;0;0;0;0;0;0;1
NCHA100106;1;0;0;0;1;0;0;0;1;0;0;0;0;0;0;0;0;0;1;1;1;5
NCHA100117;1;0;0;0;0;0;0;0;0;0;0;0;0;0;0;0;1;0;1;1;0;3
NCHA100108;0;0;0;0;0;0;0;0;0;0;0;0;0;0;0;0;0;0;0;0;0;0
NCHA100109;1;0;0;0;0;0;0;0;0;0;0;0;0;0;0;0;0;0;0;1;0;1
NCHA100115;0;0;0;0;0;0;0;0;0;0;0;0;0;0;0;0;0;0;0;0;0;0
NCHA100113;0;0;0;0;0;0;0;0;0;0;0;0;0;0;0;0;0;0;0;0;0;0
NCHA100116;0;0;0;0;0;0;0;1;1;0;0;0;0;0;0;0;0;0;0;0;0;2
NCHA100103;1;0;0;0;0;0;0;0;0;0;0;0;0;0;0;1;0;0;0;0;0;1
NCHA100107;0;0;0;0;0;0;0;0;0;0;0;0;0;0;0;0;0;0;0;0;0;0
NCHA100114;0;0;0;0;0;0;0;0;0;0;0;0;0;0;0;0;0;0;0;0;0;0
NCHA100110;1;0;0;0;0;0;0;0;1;0;0;0;0;0;0;0;0;0;0;1;0;2
NCHA100118;0;0;0;0;0;0;0;0;1;0;0;0;0;0;0;0;0;0;0;0;0;1
NCHA100099;1;0;0;0;0;0;0;1;0;0;1;0;1;0;0;0;0;0;0;1;0;4
NCHA100096;1;0;0;0;0;0;0;1;1;0;0;0;0;0;0;1;0;0;0;0;0;3
NCHA100081;1;0;0;0;0;0;0;1;1;0;0;0;0;0;0;1;0;0;1;1;1;6
NCHA100079;1;0;0;0;0;0;0;0;1;0;0;0;0;0;0;1;0;0;0;1;1;4
NCHA100098;1;0;0;0;0;0;0;1;1;0;0;0;0;0;0;1;0;0;1;0;0;4
NCHA100078;0;0;0;0;0;0;0;1;1;0;0;0;0;0;0;0;0;0;0;0;0;2
NCHA100086;0;0;0;0;1;0;0;1;0;0;0;0;0;0;0;0;0;0;0;0;0;2
NCHA100087;0;0;0;0;0;0;0;0;0;0;0;0;0;0;0;0;0;0;0;0;0;0
NCHA100119;0;0;0;0;0;1;0;0;0;0;0;0;0;0;0;0;0;0;0;0;0;1
NCHA100120;1;0;0;0;0;0;0;0;0;0;0;0;0;0;0;1;0;0;1;0;0;2
NCHA100130;1;0;0;0;0;0;0;1;0;0;0;0;0;0;0;0;0;0;1;1;0;3
NCHA100148;0;0;0;0;0;0;0;0;0;0;0;0;0;0;0;0;0;0;0;0;0;0
NCHA100150;0;0;0;0;0;0;0;0;0;0;0;0;0;0;0;0;0;0;0;0;0;0
NCHA100133;0;0;0;0;0;0;0;0;0;0;0;0;0;0;0;0;0;0;0;0;0;0
NCHA100082;0;0;0;0;1;0;0;0;1;0;0;0;0;0;0;0;0;0;0;0;1;3
NCHA100128;1;0;0;0;0;0;0;1;1;0;0;0;0;0;0;1;0;0;0;0;1;4
NCHA100134;0;0;0;0;0;0;0;0;0;0;0;0;0;0;0;0;0;0;0;0;0;0
NCHA100124;0;0;0;0;0;0;0;0;0;0;0;0;0;0;0;0;0;0;0;0;0;0
NCHA100139;1;0;0;0;0;0;0;1;1;0;0;0;0;0;0;0;0;0;1;0;1;4
NCHA100135;1;0;0;0;0;0;0;0;0;0;0;0;0;0;0;1;0;0;0;0;0;1
NCHA100126;0;0;0;0;0;0;0;0;0;0;0;0;0;0;0;0;0;0;0;0;1;1
NCHA100127;1;0;0;0;0;0;0;1;0;0;0;0;0;0;0;0;0;0;1;1;0;3
NCHA100137;1;0;0;0;0;0;0;1;1;0;0;0;0;0;0;0;0;0;0;1;0;3
NCHA100136;0;0;0;0;0;0;0;0;0;0;0;0;0;0;0;0;0;0;0;0;0;0
NCHA100125;0;0;0;0;0;0;0;0;0;0;0;0;0;0;0;0;0;0;0;0;0;0
NCHA100145;1;0;0;0;0;0;0;0;0;0;0;0;0;0;0;0;0;0;0;1;0;1
NCHA100144;1;0;0;0;0;0;0;0;0;0;0;0;0;1;0;0;1;0;0;1;0;3
NCHA100147;1;0;0;0;0;0;0;0;1;0;0;0;0;0;0;0;0;0;1;1;1;4
NCHA100085;1;0;0;0;0;0;0;1;0;0;0;0;0;0;0;1;0;0;1;0;0;3
NCHA100167;0;0;0;0;0;0;0;0;0;0;0;1;0;0;0;0;0;0;0;0;0;1
NCHA100168;0;0;0;0;0;0;0;0;0;0;0;0;0;0;0;0;0;0;0;0;0;0
NCHA100183;0;0;0;0;0;0;0;0;0;0;0;0;0;0;0;0;0;0;0;0;0;0
NCHA100184;0;0;0;0;1;0;0;0;0;0;0;0;0;0;0;0;0;0;0;0;0;1
NCHA100197;0;0;0;0;0;0;1;0;0;0;1;0;0;0;0;0;0;0;0;0;0;2
NCHA100198;0;0;0;0;0;0;0;0;0;0;0;0;0;0;0;0;0;0;0;0;0;0
NCHA100224;1;0;0;0;0;0;0;0;0;0;0;0;0;0;0;1;0;0;0;0;0;1
NCHA100228;1;0;0;0;0;0;0;0;0;0;0;0;0;0;0;1;0;0;0;1;0;2
NCHA100227;0;0;0;0;0;0;0;0;1;0;0;0;0;0;0;0;0;0;0;0;0;1
NCHA100262;0;0;0;0;0;0;0;0;0;0;0;0;0;1;0;0;0;0;0;0;0;1
NCHA100247;1;0;0;0;0;0;0;0;1;0;0;0;0;0;0;0;0;0;0;1;0;2
NCHA100245;0;0;0;0;0;0;0;1;1;0;0;0;0;0;0;0;0;0;0;0;1;3
NCHA100233;0;0;0;0;0;0;0;0;0;0;0;0;1;0;0;0;0;0;0;0;0;1
NCHA100208;0;1;0;0;0;0;0;1;0;0;0;0;0;0;0;0;0;0;0;0;0;2
NCHA100207;1;0;0;0;0;0;0;1;0;0;0;0;0;0;0;0;0;0;0;1;0;2
NCHA100209;0;0;0;0;0;0;0;1;0;0;0;0;1;0;0;0;0;0;0;0;0;2
NCHA100210;0;0;0;0;0;0;0;1;1;0;0;0;0;0;0;0;0;0;0;0;0;2
NCHA100235;1;0;0;0;0;0;0;0;0;0;0;0;0;0;0;1;0;0;0;0;0;1
NCHA100211;1;0;0;0;0;0;0;0;0;0;0;0;0;0;0;0;1;0;0;1;0;2
NCHA100212;1;0;0;0;0;0;0;1;1;0;0;0;0;0;0;0;0;0;0;1;0;3
NCHA100213;1;0;0;0;0;0;0;1;1;1;0;0;0;0;0;0;0;0;0;0;0;3
NCHA100214;0;0;0;0;0;0;1;0;1;1;0;0;0;0;0;0;0;0;0;0;0;3
NCHA100237;0;0;0;0;0;0;0;0;0;0;0;0;0;0;0;0;0;0;0;0;0;0
NCHA100239;1;0;0;0;0;0;0;0;1;0;0;0;0;0;0;1;0;0;0;0;0;2
NCHA100246;0;0;0;0;0;0;0;0;0;0;0;0;0;0;0;0;0;0;0;0;0;0
NCHA100244;1;0;0;0;0;0;0;1;0;0;0;0;0;1;0;1;1;0;0;1;0;5
NCHA100217;0;0;0;0;0;0;0;0;0;0;0;0;0;0;0;0;0;0;0;0;0;0
NCHA100250;1;0;0;0;0;0;0;0;0;0;0;0;0;0;0;1;0;0;0;1;0;2
NCHA100242;0;0;0;0;0;0;0;0;0;0;0;0;0;0;0;0;0;0;0;0;0;0
NCHA100258;0;0;0;0;0;0;0;0;0;0;0;0;0;0;0;0;0;0;0;0;0;0
NCHA100215;0;0;0;0;0;0;0;0;0;0;0;0;0;0;0;0;0;0;0;0;0;0
NCHA100216;0;0;0;0;0;0;0;0;0;0;0;0;0;0;0;0;0;0;0;0;1;1
NCHA100253;0;0;0;0;0;1;0;0;1;0;0;0;0;0;0;0;0;0;0;0;0;2
NCHA100249;1;0;0;0;1;0;0;0;1;0;0;0;0;0;0;0;0;0;1;1;0;4
NCHA100251;0;0;0;0;0;0;0;0;1;0;0;0;0;0;0;0;0;0;0;0;0;1
NCHA100252;0;0;0;0;1;0;0;0;0;0;0;0;0;0;0;0;0;0;0;0;0;1
NCHA100254;1;0;0;0;0;0;0;0;0;0;0;0;0;0;0;1;0;0;0;1;0;2
NCHA100240;1;0;0;0;0;0;0;0;1;0;0;0;0;0;0;0;0;0;0;1;0;2
NCHA100248;1;0;0;0;0;0;0;0;1;0;0;0;0;0;0;0;0;0;0;1;0;2
NCHA100255;0;1;0;0;0;0;0;0;0;0;0;0;0;0;0;0;0;0;0;0;0;1
NCHA100257;1;0;0;0;0;0;0;0;0;0;0;0;0;0;0;0;0;0;0;1;0;1
NCHA100274;0;0;0;0;0;0;0;0;0;0;0;0;0;0;0;0;0;0;0;0;0;0
NCHA100271;0;1;0;0;0;0;0;0;0;0;0;0;0;0;0;0;0;0;0;0;0;1
NCHA100275;1;0;0;0;0;0;0;0;0;0;0;0;0;0;0;1;0;0;0;0;0;1
NCHA100303;1;0;0;0;0;0;0;1;0;0;0;0;0;0;0;1;0;0;0;1;0;3
NCHA100199;0;0;0;0;0;0;0;0;0;0;0;0;0;0;0;0;0;0;0;0;0;0
NCHA100264;1;0;0;0;0;0;0;1;0;0;0;0;0;0;0;1;0;0;0;0;0;2
NCHA100304;1;0;0;0;0;0;0;0;0;0;0;0;1;0;0;1;0;0;0;1;0;3
NCHA100265;1;0;1;0;0;0;0;0;1;0;0;0;0;0;0;0;0;0;0;1;1;4
NCHA100295;1;0;0;0;0;0;0;0;0;0;0;0;0;0;0;0;0;0;0;1;0;1
NCHA100292;1;0;0;0;0;0;0;0;0;0;0;0;0;0;0;1;0;0;0;0;0;1
NCHA100293;1;0;0;0;0;0;0;0;0;0;0;0;0;0;0;1;0;0;0;1;0;2
NCHA100291;0;1;0;0;0;0;0;0;0;0;0;0;0;0;0;0;0;0;0;0;0;1
NCHA100268;1;0;0;0;0;0;0;0;0;0;0;0;0;0;0;0;0;0;0;1;0;1
NCHA100290;1;0;0;0;0;0;0;0;0;0;0;0;0;0;0;0;0;0;0;1;0;1
NCHA100317;1;1;0;0;0;0;0;0;0;0;0;0;0;0;0;1;0;0;0;1;0;3
NCHA100318;0;0;0;0;0;0;0;0;1;0;0;0;0;0;0;0;0;0;0;0;0;1
NCHA100320;0;0;0;0;0;1;0;0;0;0;0;0;0;0;0;0;0;0;0;0;0;1
NCHA100330;0;0;0;0;0;0;0;0;0;0;0;0;0;0;0;0;0;0;0;0;0;0
NCHA100331;0;0;0;0;0;0;0;0;1;0;0;0;0;0;0;0;0;0;0;0;1;2
NCHA100315;0;0;0;0;0;0;0;0;0;0;0;0;0;0;0;0;0;0;0;0;0;0
NCHA100328;0;0;0;0;0;0;0;0;0;0;0;0;0;0;0;0;0;0;0;0;0;0
NCHA100314;0;0;0;0;0;0;0;0;0;0;0;0;1;0;0;0;0;0;0;0;0;1
NCHA100321;1;0;0;0;0;0;0;0;1;0;0;0;0;0;0;1;0;0;0;0;0;2
NCHA100323;1;0;0;0;0;0;1;1;1;0;0;0;0;0;0;1;0;0;0;0;0;4
NCHA100326;1;0;0;0;0;0;0;0;0;0;0;0;0;0;0;0;0;0;0;1;0;1
NCHA100173;0;0;0;0;0;0;0;0;0;0;0;0;0;0;0;0;0;0;0;0;0;0
NCHA100174;1;0;0;0;0;0;0;0;0;0;0;0;0;0;0;1;0;0;0;1;1;3
NCHA100175;0;0;0;0;0;0;0;0;1;0;0;0;0;0;0;0;0;0;0;0;0;1
NCHA100324;1;0;0;0;0;0;0;0;1;0;0;0;0;0;0;0;1;0;0;0;0;2
NCHA100325;1;0;0;0;0;0;0;0;0;0;0;0;0;0;0;1;0;0;0;1;0;2
NCHA100322;0;0;0;0;0;0;0;0;0;0;0;0;0;0;0;0;0;0;0;0;0;0
NCHA100329;1;0;0;0;0;0;0;0;1;0;0;0;0;0;0;1;0;0;0;0;0;2
NCHA100327;1;0;0;0;0;0;0;0;0;0;0;0;0;0;0;0;0;0;0;1;0;1
NCHA100316;0;0;0;0;0;0;0;0;0;0;0;0;0;0;0;0;0;0;0;0;0;0
NCHA100319;0;0;0;0;0;1;0;0;0;0;0;0;0;0;0;0;0;0;0;0;0;1
NCHA100219;1;0;0;0;0;0;0;1;0;0;0;0;0;0;0;0;1;0;0;1;0;3
NCHA100220;1;0;0;0;0;0;0;0;0;0;0;0;0;0;0;0;0;0;0;1;0;1
NCHA100221;0;0;0;0;0;0;0;0;1;0;0;0;1;0;0;0;0;0;0;0;0;2
NCHA100222;0;0;0;0;0;0;0;0;0;0;0;0;0;0;0;0;0;0;0;0;0;0
NCHA100230;0;0;0;0;0;0;0;1;0;0;0;0;0;0;0;0;0;0;0;0;0;1
NCHA100234;1;0;0;0;0;0;0;1;1;0;0;0;0;0;0;1;0;0;0;0;0;3
NCHA100236;0;0;0;0;0;0;0;1;0;0;0;0;0;0;0;0;0;0;0;0;0;1
NCHA100232;0;1;0;0;0;0;0;0;0;0;0;0;0;0;0;0;0;0;0;0;0;1
NCHA100229;0;0;0;0;0;0;0;0;0;0;0;0;0;0;0;0;0;0;0;0;0;0
NCHA100166;1;0;0;0;0;0;0;0;0;0;0;0;0;0;0;1;0;0;0;0;0;1
NCHA100185;0;0;0;0;0;0;0;0;0;0;0;0;0;0;0;0;0;0;0;0;0;0
NCHA100186;1;0;0;0;0;0;0;0;1;0;0;0;0;0;0;1;0;0;0;0;0;2
NCHA100187;1;0;0;0;0;0;0;0;0;0;0;0;0;0;0;0;0;0;0;1;0;1
NCHA100203;0;1;0;0;0;0;0;0;0;0;0;0;0;0;0;0;0;0;0;0;0;1
NCHA100151;0;0;0;0;0;0;0;0;0;0;0;0;0;0;0;0;0;0;0;0;0;0
NCHA100152;0;0;0;0;0;0;0;1;0;0;0;0;0;0;0;0;0;0;0;0;1;2
NCHA100153;0;0;0;0;0;0;0;0;1;0;0;0;0;0;0;0;0;0;0;0;0;1
NCHA100154;0;1;0;0;0;0;0;0;0;0;0;0;0;0;0;0;0;0;0;0;0;1
NCHA100155;1;0;0;0;0;0;0;0;0;0;0;0;0;0;0;0;0;0;0;1;0;1
NCHA100156;1;0;0;0;0;0;0;0;0;0;0;0;0;0;0;1;1;0;0;0;0;2
NCHA100178;0;0;0;0;0;0;0;0;0;0;0;0;0;0;0;0;0;0;0;0;0;0
NCHA100195;0;0;0;0;0;0;0;1;0;0;0;0;0;0;0;0;0;0;0;0;0;1
NCHA100202;0;0;0;0;0;0;0;0;0;0;0;0;0;0;0;0;0;0;0;0;0;0
NCHA100192;0;0;0;0;0;0;0;1;0;0;0;0;0;0;0;0;0;0;0;0;0;1
NCHA100193;0;0;0;0;0;0;0;0;0;0;0;0;0;0;0;0;0;0;0;0;0;0
NCHA100194;1;0;0;0;0;0;0;1;0;0;0;0;0;0;0;1;0;0;0;0;0;2
NCHA100191;0;0;0;0;0;0;0;0;0;0;0;0;0;0;0;0;0;0;0;0;0;0
NCHA100218;0;0;0;0;0;0;0;0;0;0;0;0;0;0;0;0;0;0;0;0;0;0
NCHA100231;0;0;0;0;0;0;0;1;0;0;0;0;0;0;0;0;0;0;0;0;0;1
NCHA100188;0;0;0;0;0;0;0;0;0;0;0;0;0;0;0;0;0;0;0;0;1;1
NCHA100189;1;0;0;0;0;0;0;0;1;0;0;0;0;0;0;0;0;0;0;1;0;2
NCHA100190;0;0;0;0;0;0;0;0;0;0;0;0;0;0;1;0;0;0;0;0;0;1
NCHA100201;1;0;0;0;0;0;0;0;0;0;0;0;0;0;0;1;1;0;0;0;0;2
NCHA100277;0;0;0;0;0;0;0;0;0;0;0;0;0;0;0;0;0;0;0;0;0;0
NCHA100263;0;0;0;0;0;0;0;0;0;0;0;0;0;0;0;0;0;0;0;0;0;0
NCHA100282;0;0;0;0;0;0;0;0;1;0;0;0;0;0;0;0;0;0;0;0;0;1
NCHA100272;0;0;0;0;0;0;0;0;0;0;0;0;0;0;0;0;0;0;0;0;0;0
NCHA100278;1;0;0;0;0;0;0;0;0;0;0;0;0;0;0;0;0;0;0;1;0;1
NCHA100298;0;1;0;0;0;0;0;1;1;0;0;0;0;0;0;0;0;0;0;0;0;3
NCHA100276;0;0;0;0;0;0;0;0;0;0;0;0;0;0;0;0;0;0;0;0;0;0
NCHA100273;0;0;0;0;0;0;0;0;0;0;0;0;0;0;0;0;0;0;0;0;0;0
NCHA100270;0;0;0;0;0;0;0;0;0;0;0;0;0;0;0;0;0;0;0;0;0;0
NCHA100267;0;0;0;0;0;0;0;0;0;0;0;0;0;0;0;0;0;0;0;0;0;0
NCHA100266;1;0;0;0;0;0;0;0;0;0;0;0;0;0;0;0;1;0;0;0;0;1
NCHA100281;0;0;0;0;0;0;0;1;0;0;0;0;0;0;0;0;0;0;0;0;0;1
NCHA100177;0;0;0;0;0;0;0;0;0;0;0;0;0;0;0;0;0;0;0;0;0;0
NCHA100269;0;0;0;0;0;0;0;0;0;0;0;0;0;1;0;0;0;0;0;0;0;1
NCHA100300;0;0;0;0;0;0;0;0;0;0;0;0;0;0;0;0;0;0;0;0;0;0
NCHA100301;0;0;0;0;0;0;0;0;0;0;0;0;0;0;0;0;0;0;0;0;0;0
NCHA100302;0;0;0;0;0;0;0;0;0;0;0;0;0;0;0;0;0;0;0;0;0;0
NCHA100310;0;0;0;0;0;0;0;0;0;0;0;0;0;0;0;0;0;0;0;0;0;0
NCHA100311;1;0;0;0;0;0;0;0;1;0;0;0;0;0;1;0;0;0;0;1;0;3
NCHA100312;1;0;0;0;0;0;0;0;0;0;0;0;0;0;0;0;0;0;0;1;0;1
NCHA100306;0;0;0;0;0;0;0;1;0;0;0;0;0;0;0;0;0;0;0;0;0;1
NCHA100280;1;0;0;1;1;0;0;0;0;0;0;0;0;0;0;1;0;0;0;0;1;4
NCHA100283;0;0;0;0;0;1;0;0;0;0;0;0;0;0;0;0;0;0;0;0;0;1
NCHA100284;0;0;0;0;0;0;0;1;1;0;0;0;0;0;0;0;0;0;0;0;0;2
NCHA100287;0;0;0;0;0;0;0;0;0;0;0;0;0;0;0;0;0;0;0;0;0;0
NCHA100285;0;0;0;0;0;0;0;0;0;0;0;0;0;0;0;0;0;0;0;0;0;0
NCHA100297;0;0;0;0;0;0;0;0;1;0;0;0;0;0;0;0;0;0;0;0;0;1
NCHA100279;1;0;0;0;0;0;0;0;0;0;0;0;0;0;0;0;0;0;0;1;0;1
NCHA100299;0;0;0;0;0;0;0;0;0;0;0;0;0;0;0;0;0;0;0;0;0;0
NCHA100313;1;0;0;0;0;0;0;0;0;0;0;0;0;0;0;0;0;0;0;1;0;1
NCHA100308;0;0;0;0;0;0;0;0;0;0;0;0;0;0;0;0;0;0;0;0;0;0
NCHA100309;0;0;0;0;0;0;0;1;1;0;0;0;0;0;0;0;0;0;0;0;0;2
NCHA100307;0;0;0;0;0;0;0;0;0;0;0;0;0;0;0;0;0;0;0;0;0;0
NCHA100286;0;0;0;0;0;0;0;0;0;0;0;0;0;0;0;0;0;0;0;0;0;0
NCHA100296;0;0;0;0;0;0;0;0;0;0;0;0;0;0;0;0;0;0;0;0;0;0
NCHA100294;1;0;0;0;0;0;0;0;1;0;0;0;0;0;0;0;0;0;1;0;0;2
NCHA100226;0;0;0;0;0;1;0;1;1;0;0;0;0;0;0;0;0;0;0;0;1;4
NCHA100225;0;0;0;0;0;0;0;0;1;0;0;0;0;0;0;0;0;0;0;0;0;1
NCHA100223;1;0;0;0;0;0;0;0;0;0;0;0;0;0;0;0;1;0;0;1;0;2
NCHA100238;1;0;0;0;0;0;0;0;0;0;0;0;0;0;0;0;1;0;0;0;0;1
NCHA100243;0;0;0;0;0;0;0;0;0;0;0;0;0;0;0;0;0;0;0;0;0;0
NCHA100241;1;0;0;0;0;0;0;0;0;0;0;0;0;0;0;1;0;0;1;0;0;2
NCHA100256;1;0;0;0;0;0;0;0;0;0;0;0;0;0;0;1;0;0;0;1;0;2
NCHA100259;0;0;0;0;0;0;0;0;0;0;0;0;0;1;0;0;0;0;0;0;0;1
NCHA100260;0;0;0;0;0;0;0;0;0;0;0;0;0;0;0;0;0;0;0;0;0;0
NCHA100261;1;0;0;0;0;0;0;0;0;0;0;0;0;0;0;1;0;0;0;1;0;2
NCHA100157;1;0;0;0;0;0;0;1;1;0;0;0;0;0;0;1;0;1;0;1;1;6
NCHA100158;0;0;0;0;0;0;0;1;0;0;0;0;0;0;0;0;0;0;0;0;0;1
NCHA100159;0;0;0;0;0;0;0;0;0;0;0;0;0;0;0;0;0;0;0;0;0;0
NCHA100160;0;0;0;0;0;0;0;0;0;0;0;0;0;0;0;0;0;0;0;0;0;0
NCHA100161;1;0;0;0;0;0;0;1;0;0;0;0;0;0;0;1;0;0;0;1;0;3
NCHA100162;0;0;0;0;0;0;0;0;0;0;0;0;0;0;0;0;0;0;0;0;0;0
NCHA100163;0;0;0;0;0;0;0;0;0;0;0;0;0;1;0;0;0;0;0;0;0;1
NCHA100164;1;0;0;0;0;0;0;0;0;0;0;0;0;0;0;0;0;1;0;0;0;1
NCHA100165;0;0;0;0;0;0;0;0;0;0;0;0;0;0;0;0;0;0;0;0;0;0
NCHA100179;1;0;0;0;0;0;0;0;0;0;0;0;0;0;0;1;0;1;0;0;0;2
NCHA100180;1;0;0;0;0;0;0;0;0;0;0;0;0;0;0;0;0;0;0;1;0;1
NCHA100181;1;0;0;0;0;0;0;0;0;0;0;0;0;0;0;0;0;0;0;1;0;1
NCHA100204;0;0;0;0;0;0;0;0;0;0;0;0;0;0;0;0;0;0;0;0;0;0
NCHA100205;1;1;0;0;0;0;0;1;0;0;0;0;0;0;0;0;0;0;0;1;0;3
NCHA100196;1;0;0;0;0;0;0;1;0;0;0;0;0;0;0;1;0;0;1;0;1;4
NCHA100200;1;0;0;0;0;0;0;0;0;0;0;0;0;0;0;0;0;0;0;1;0;1
NCHA100169;1;0;0;0;0;0;0;0;1;0;0;0;0;0;0;0;0;0;0;1;1;3
NCHA100170;1;1;0;0;0;0;0;0;1;0;0;0;0;0;0;1;0;0;0;0;1;4
NCHA100172;0;0;0;0;0;0;0;0;0;0;0;0;0;0;0;0;0;0;0;0;0;0
NCHA100171;1;0;0;0;0;0;0;0;0;0;0;0;0;0;0;0;0;0;0;1;0;1
NCHA100176;1;0;0;0;0;0;0;0;0;0;0;0;0;0;0;0;0;0;0;1;0;1
NCHA100182;0;0;0;0;0;0;0;1;1;0;0;0;0;0;0;0;0;0;0;0;0;2
NCHA100206;0;0;0;0;0;0;0;0;0;0;0;0;0;0;0;0;0;0;0;0;0;0
